id,source,AG98_wtpct,AG22_wtpct,AG23_wtpct,SodaF_wtpct,PotashF_wtpct,Crushing_wtpct,ETP_wtpct,NaSil_wtpct,MOR_MPa,WA_pct,Shrinkage_pct,press_bar,dryer_time_min,kiln_time_min,kiln_temp_C,calorific_NG_Kcal_Nm3,dryer_temp_C,gas_Nm3_per_m2,green_length_mm,green_width_mm,green_thickness_mm,green_weight_g,fired_length_mm,fired_weight_g,cost_Tk_per_kg,CO2_kg_per_kg
1,synthetic,16.853990121162905,3.890147483272903,13.219325600403323,39.30753682304498,20.75933129289581,2.6651212982409964,2.2499625939632546,1.054584787015835,49.38904076504712,0.9022494115645977,10.660927203959433,100,45,90,1210,8300,180.0,1.4115,109.2,54.6,9.8,98.5,98.0,95.05,7.460779670274458,0.0962385544260688
2,synthetic,15.319086280520876,3.7414467579888733,13.158321995610324,40.48185288493092,20.306614180597617,2.5317889521948027,3.0677678268343938,1.3931211213221977,52.07792165265502,1.5273126757059443,10.857593818318023,100,45,90,1210,8300,180.0,1.4115,109.2,54.6,9.8,98.5,98.0,95.05,7.492592658848231,0.09714321042432704
3,synthetic,19.837548662171052,2.988738037207228,11.852298530174345,41.63169847079534,18.286890678930654,2.2842070386264286,2.1429136558690187,0.9757049262259337,55.12636877870278,1.1615024130758247,10.944221131130845,100,45,90,1210,8300,180.0,1.4115,109.2,54.6,9.8,98.5,98.0,95.05,7.530478829075962,0.09484917456431703
4,synthetic,16.134546745254422,3.5047209920237656,12.185759594361654,40.61996453603647,20.828747372404862,3.0503976530033734,2.3436033055202454,1.332259801395201,52.27078433221916,1.7854906013298688,10.87771432877633,100,45,90,1210,8300,180.0,1.4115,109.2,54.6,9.8,98.5,98.0,95.05,7.491778064552928,0.09788592737295254
5,synthetic,19.02382178748401,3.0812175685452616,11.441640519651221,41.73896157860708,19.77746852782483,2.209628725413965,2.219899022722619,0.5073622697510055,54.45145765841641,1.2928462481278737,10.927556026631121,100,45,90,1210,8300,180.0,1.4115,109.2,54.6,9.8,98.5,98.0,95.05,7.44593316994815,0.09159277755643805
6,synthetic,18.93462188751069,3.497276284888048,13.525826893131676,37.623385740332466,20.465103217153775,2.6883736633075097,2.625615315548183,0.6397969981276574,51.733383310572584,1.1388226725876909,10.448900859571115,100,45,90,1210,8300,180.0,1.4115,109.2,54.6,9.8,98.5,98.0,95.05,7.329063870219057,0.09708394276615086
7,synthetic,15.572650367679866,3.5026044426857075,12.355481030715662,42.713343574767755,18.956652745368324,3.1474982861240384,2.6981901520006497,1.0535794006579957,52.31948080770879,1.5694940505845905,10.843028416258397,100,45,90,1210,8300,180.0,1.4115,109.2,54.6,9.8,98.5,98.0,95.05,7.468546691471827,0.09817275792703584
8,synthetic,18.321567701636937,3.1095802921601057,14.070101923330174,42.974459536368414,16.168810439353926,2.0340681097007907,2.099052646853206,1.2223593505964503,49.18125087782427,1.409096896422796,10.966339339579918,100,45,90,1210,8300,180.0,1.4115,109.2,54.6,9.8,98.5,98.0,95.05,7.635793619970303,0.09550985893043562
9,synthetic,19.283071420461876,3.637779294752815,13.597314779754683,38.7238655981924,18.024651278425726,2.940963261053665,2.6425077658040093,1.1498466015548199,51.030551888729015,1.3241386856446218,10.429554500901373,100,45,90,1210,8300,180.0,1.4115,109.2,54.6,9.8,98.5,98.0,95.05,7.434747055138134,0.1014242914415453
10,synthetic,17.93822286088856,2.755889452805329,14.625600591883986,39.91974349805785,19.067427977902764,2.5203047068022557,2.6500070406295584,0.5228038710296975,52.87471183046946,1.0258213851447433,10.697766770234471,100,45,90,1210,8300,180.0,1.4115,109.2,54.6,9.8,98.5,98.0,95.05,7.364516442999735,0.09564412453265768
11,synthetic,19.792796066207227,3.2234551554143502,13.913676136251432,40.78337099764772,15.57910999945707,2.7299874962572406,2.539777693789973,1.4378264549749828,53.120576366236236,1.2166318946257368,10.445111830997233,100,45,90,1210,8300,180.0,1.4115,109.2,54.6,9.8,98.5,98.0,95.05,7.555415234810058,0.10210749555229762
12,synthetic,19.13145962097179,3.84424115775965,10.701245444993054,41.76123927361619,18.878253004773345,2.162863611703165,2.739464102343793,0.7812337838390083,53.550063632309445,1.5741782087789131,10.934991512539565,100,45,90,1210,8300,180.0,1.4115,109.2,54.6,9.8,98.5,98.0,95.05,7.475134535837848,0.09368415261537882
13,synthetic,18.297113173459508,3.590491921430324,13.843237459588284,42.35030510996365,15.754186621691275,3.3740177677064116,2.253235389984369,0.5374125561761798,49.309878242867995,1.4478584844286546,10.693699073862,100,45,90,1210,8300,180.0,1.4115,109.2,54.6,9.8,98.5,98.0,95.05,7.417000880975668,0.10062945628580287
14,synthetic,17.774262346957418,3.0563834257936584,14.148948715662065,38.04782969518583,20.657760304450115,2.475708339234073,3.0481893345767195,0.7909178381401186,51.13846529378679,1.1548652098682055,10.399969150481084,100,45,90,1210,8300,180.0,1.4115,109.2,54.6,9.8,98.5,98.0,95.05,7.340343718847435,0.09653084645570056
15,synthetic,17.575285646158573,2.883947635851404,14.680217850244816,42.66994588552342,16.152254723074126,2.0673659290884934,2.4786067660033417,1.4923755640558372,51.96980512770994,1.2636045493950818,10.897869029204012,100,45,90,1210,8300,180.0,1.4115,109.2,54.6,9.8,98.5,98.0,95.05,7.64290082500771,0.09716016070057462
16,synthetic,18.308306315838806,3.060486593310565,10.472333340307577,41.76619065662273,20.22752727944318,2.393690773884297,3.0304944655871573,0.7409705750056848,53.734994847555626,1.2669724825458262,11.029016875947308,100,45,90,1210,8300,180.0,1.4115,109.2,54.6,9.8,98.5,98.0,95.05,7.4114854654712845,0.09358937075092663
17,synthetic,16.551618364500474,3.6661072573617663,14.859132130304836,41.45712174411178,18.505188303416396,2.215846253826876,2.0153299164790215,0.7296560299988553,53.00188295261528,1.1570723646466277,10.79516273857686,100,45,90,1210,8300,180.0,1.4115,109.2,54.6,9.8,98.5,98.0,95.05,7.510612623672439,0.09355743139718989
18,synthetic,19.020622630911312,3.5731106944237023,13.694920019577708,41.69041468877847,15.917404260901193,2.185630705475517,3.0203188061071584,0.8975781938249406,49.52660765572327,1.3826347347166654,10.76518744910347,100,45,90,1210,8300,180.0,1.4115,109.2,54.6,9.8,98.5,98.0,95.05,7.491121221576275,0.09748599754979034
19,synthetic,16.5047434589047,3.2328760680273,13.314321063817912,39.28687850596873,21.68936279932879,2.4296693403230827,3.0172892722432296,0.5248594913862563,47.759384972558415,1.2182453795073913,10.571793016008261,100,45,90,1210,8300,180.0,1.4115,109.2,54.6,9.8,98.5,98.0,95.05,7.320581748483936,0.09349884739506643
20,synthetic,19.665116108001058,3.706541373419456,12.336908007776458,38.32184817874718,20.493344144765313,2.026755175965482,2.1200583964423085,1.3294286148827363,53.58966304107267,0.9912973115354942,10.413277713169572,100,45,90,1210,8300,180.0,1.4115,109.2,54.6,9.8,98.5,98.0,95.05,7.538833929659512,0.095019745545953
21,synthetic,18.98408544162581,2.8489611129496506,12.653847952995267,39.393396874518906,19.242110744900074,3.3016084306640168,2.663417873072598,0.9125715692736803,52.87740967642309,1.590996620452937,10.585313009719854,100,45,90,1210,8300,180.0,1.4115,109.2,54.6,9.8,98.5,98.0,95.05,7.361708425416541,0.10064718556709118
22,synthetic,16.870920217035913,3.138823129560265,13.25965512789987,39.968035897879155,21.072434422266273,2.6808453231144496,2.272623519246494,0.7366623629975811,50.72034198010578,1.439523816641059,10.50963371492285,100,45,90,1210,8300,180.0,1.4115,109.2,54.6,9.8,98.5,98.0,95.05,7.40584723735894,0.09455335829778189
23,synthetic,16.589955484760246,3.2567893555333454,14.375024711173044,39.818703346098154,20.95792138775544,2.065212593019188,2.1996482505561765,0.736744871104396,49.19778728685016,1.2665288164251822,10.943771462407568,100,45,90,1210,8300,180.0,1.4115,109.2,54.6,9.8,98.5,98.0,95.05,7.45413886006772,0.09188001299097266
24,synthetic,19.1672927689428,2.5779427996976563,14.62420934509031,40.1989115289065,15.693791991059129,3.265362427396629,2.992918458320379,1.4795706805865927,50.92053060456621,1.3510092537561382,10.700794142328844,100,45,90,1210,8300,180.0,1.4115,109.2,54.6,9.8,98.5,98.0,95.05,7.4727928222575635,0.10552751272336952
25,synthetic,19.01012940136797,3.669216311156993,13.21241637997774,37.849537403097855,20.452974482046905,2.2018283126197207,2.589674839542401,1.0142228701904146,53.79809930608833,1.2343523904660076,10.50162628693618,100,45,90,1210,8300,180.0,1.4115,109.2,54.6,9.8,98.5,98.0,95.05,7.433529794141203,0.09579350895953062
26,synthetic,19.287860720612787,3.194199048390274,11.925447480501767,40.584232349511026,19.47694289865977,2.399694976251269,2.1537452520493527,0.9778772740237458,54.79049317316765,1.0588454332031856,10.980263256365708,100,45,90,1210,8300,180.0,1.4115,109.2,54.6,9.8,98.5,98.0,95.05,7.4963010868363105,0.09499821478319596
27,synthetic,16.484382372856427,3.923286890073011,14.58174009769089,40.214137076185466,18.36637299810055,2.4925418075070334,2.5889782688130034,1.3485604887736247,50.144817488400896,1.299608432973854,10.62375750383496,100,45,90,1210,8300,180.0,1.4115,109.2,54.6,9.8,98.5,98.0,95.05,7.533485913468008,0.09843842814001882
28,synthetic,18.26293670280051,3.7065877419206164,12.663611380328701,39.993420277136096,19.430423404873345,2.4322334212736925,2.80838247854132,0.7024045931257183,49.894817343864425,1.1347105955251082,10.763888944892333,100,45,90,1210,8300,180.0,1.4115,109.2,54.6,9.8,98.5,98.0,95.05,7.400020472292458,0.0955452667241711
29,synthetic,18.473990644092492,3.791078602488841,10.66051418650772,42.24833435085053,19.300658183793438,2.142643622344902,2.7982871910985696,0.5844932188235202,54.33977888112896,1.3157220273562986,10.990201132671231,100,45,90,1210,8300,180.0,1.4115,109.2,54.6,9.8,98.5,98.0,95.05,7.445803916570549,0.09226563677832952
30,synthetic,19.730135314086652,2.880075030758781,12.950379476791547,42.59644619940152,15.665344382950808,2.924248550036182,2.188420434502068,1.0649506114724419,53.68122246650823,1.1463259571534727,11.061583842747654,100,45,90,1210,8300,180.0,1.4115,109.2,54.6,9.8,98.5,98.0,95.05,7.534029963929139,0.1000021184370015
31,synthetic,17.86215257016925,3.198977729471841,12.613158877565613,39.13841803932349,20.347463730046115,3.1988670747681,2.541368537132972,1.0995934415226123,51.952637950144684,1.7605169529766294,10.592965887100608,100,45,90,1210,8300,180.0,1.4115,109.2,54.6,9.8,98.5,98.0,95.05,7.40020273304004,0.09969127041677474
32,synthetic,18.356157066542963,3.0004566374923574,14.491832736807678,38.19297491854365,20.337725029494564,2.4058024113652636,2.4006112195492593,0.8144399802042629,50.25236177003337,1.4858759573637015,10.663440344482419,100,45,90,1210,8300,180.0,1.4115,109.2,54.6,9.8,98.5,98.0,95.05,7.398611047191882,0.09576142639425882
33,synthetic,15.788058243124999,2.7216750588132874,14.68063731687872,42.31367404182759,18.065328260391272,2.5749797341661145,2.802654279545116,1.0529930652528998,51.904894282952576,1.2056830855218414,10.9917273571996,100,45,90,1210,8300,180.0,1.4115,109.2,54.6,9.8,98.5,98.0,95.05,7.490189513704608,0.09686552359151379
34,synthetic,19.68069993419231,3.6704522408640883,12.396847820622702,38.896805452960784,17.634516314365783,3.479947317386483,2.7895362596040076,1.451194660003841,49.668717112146055,1.2541099514699505,10.462274274574995,100,45,90,1210,8300,180.0,1.4115,109.2,54.6,9.8,98.5,98.0,95.05,7.44223903278772,0.10523533992952086
35,synthetic,17.271589809208734,3.7380992667944817,11.47679512672045,42.88964600798234,18.209836572589857,2.6634711906018396,2.3321201305867407,1.4184418955155542,53.98384067294921,1.1856225069439013,10.743961485004972,100,45,90,1210,8300,180.0,1.4115,109.2,54.6,9.8,98.5,98.0,95.05,7.598938917859304,0.09726725027793992
36,synthetic,19.995523652371194,3.4985271041598054,13.250625077793984,41.50396146687509,15.63308508888893,3.3455500983449378,2.0318994535249164,0.740828058041147,49.14007694231312,1.0735805496635797,10.614303891330886,100,45,90,1210,8300,180.0,1.4115,109.2,54.6,9.8,98.5,98.0,95.05,7.450481522764607,0.10163215498527851
37,synthetic,15.715109375833174,3.6651519110383277,10.99102113606449,42.72463761248372,21.374467589916197,2.984403558991235,2.039778981544166,0.5054298341287005,53.148062506534906,1.1214725461491617,10.779315468723356,100,45,90,1210,8300,180.0,1.4115,109.2,54.6,9.8,98.5,98.0,95.05,7.420015606017118,0.09257933519931252
38,synthetic,19.6389771508614,3.658162598656571,13.490603919893186,37.43928384958396,20.86586153058768,2.0602269493205996,2.221960321790961,0.6249236793056431,49.391627609063505,1.2767693697046985,10.672705145050323,100,45,90,1210,8300,180.0,1.4115,109.2,54.6,9.8,98.5,98.0,95.05,7.39418312927916,0.09344324187420744
39,synthetic,17.522654950964935,3.6177821924932667,13.150059222881993,39.01764175466704,20.957917698333546,2.232819488661636,2.808083201128678,0.6930414908689041,52.00952938473321,1.3269017274376165,10.604608365936521,100,45,90,1210,8300,180.0,1.4115,109.2,54.6,9.8,98.5,98.0,95.05,7.381731380710391,0.09381113630491333
40,synthetic,16.353793756589003,3.564857045921956,14.901023924493408,40.59747914016875,19.280805241839488,2.0817504724869433,2.677939866920286,0.5423505515801671,51.53570646793928,1.3624871719042408,10.868744858723677,100,45,90,1210,8300,180.0,1.4115,109.2,54.6,9.8,98.5,98.0,95.05,7.419570048011788,0.09299722228107873
41,synthetic,18.92040474170704,3.454612513161665,12.862065749793187,41.918474420771894,16.015911782655348,3.4190366803371424,2.3314768957661895,1.078017215807542,50.70143998819205,1.3190208478649021,10.60490073831772,100,45,90,1210,8300,180.0,1.4115,109.2,54.6,9.8,98.5,98.0,95.05,7.4843204144573265,0.10263291323464224
42,synthetic,18.498879722945333,3.473849732867963,14.702972048477593,41.10408989930083,16.039072929440405,2.762529107670413,2.4444378298148424,0.9741687294826181,52.391530337162806,1.4651201477563596,10.679271551713258,100,45,90,1210,8300,180.0,1.4115,109.2,54.6,9.8,98.5,98.0,95.05,7.490742621340849,0.10003373345382162
43,synthetic,17.370663375450853,2.8383893023063163,12.862289665610579,41.05007469500088,18.960403303023448,3.053003271665557,2.712743330421331,1.1524330565210317,54.24855247967865,1.1505644150714827,10.837409109898244,100,45,90,1210,8300,180.0,1.4115,109.2,54.6,9.8,98.5,98.0,95.05,7.449032504574182,0.09931724975499208
44,synthetic,16.581070759120216,3.681148332978931,12.745721917998397,42.6236505897296,18.019927366259232,2.9390187214115855,2.39672306789528,1.0127392446067582,52.327088746512196,1.2733539325483563,10.925470531433396,100,45,90,1210,8300,180.0,1.4115,109.2,54.6,9.8,98.5,98.0,95.05,7.505010569659061,0.0977617485904725
45,synthetic,18.683528442411102,3.8296043300855613,14.605285986475959,37.8814299490504,18.525430476281695,2.7804126721108537,2.8798574518402202,0.8144506917442013,50.97073209002028,1.502552207984455,10.488549816162632,100,45,90,1210,8300,180.0,1.4115,109.2,54.6,9.8,98.5,98.0,95.05,7.3579421746163565,0.1000750401022844
46,synthetic,16.67065020250773,2.759491667787391,11.569466849009945,42.51308025773191,20.1988479670756,2.0220242653401064,2.9098907669727554,1.3565480235745582,52.84321776579416,1.512234730712811,10.830020204379684,100,45,90,1210,8300,180.0,1.4115,109.2,54.6,9.8,98.5,98.0,95.05,7.557978244901512,0.0930833693387834
47,synthetic,18.86052445677293,2.9664422648811493,13.438325245830463,38.99939578836144,19.93784455838809,2.5817625427454747,2.7049774980447756,0.5107276449756762,52.404274526576884,1.1972112051339638,10.801459213122097,100,45,90,1210,8300,180.0,1.4115,109.2,54.6,9.8,98.5,98.0,95.05,7.332554758538451,0.09577657232351458
48,synthetic,19.19534865440857,3.985482496489409,10.707979442843873,42.041226654909266,18.137719292780456,2.5888590737628796,2.0880542120108037,1.2553301727947446,55.87411965874769,1.3069200199816657,10.683505478568087,100,45,90,1210,8300,180.0,1.4115,109.2,54.6,9.8,98.5,98.0,95.05,7.581327074467532,0.09687107711501959
49,synthetic,18.187943502392294,3.4737235752014115,13.351016276756775,39.11703613110309,20.340321133276703,2.087162722582171,2.4032692234258737,1.0395274352616788,50.28967297448624,1.5670569594191113,10.738977026323978,100,45,90,1210,8300,180.0,1.4115,109.2,54.6,9.8,98.5,98.0,95.05,7.481285729185251,0.0942844330176449
50,synthetic,16.69228241648663,3.7667183099307797,12.41286254293647,39.504897454043515,20.380393126215655,3.2780232753217535,2.555270631193848,1.40955224387135,51.09307152979512,1.4758606913272907,10.64954064620345,100,45,90,1210,8300,180.0,1.4115,109.2,54.6,9.8,98.5,98.0,95.05,7.4594062511211465,0.10070020447179799
51,synthetic,17.935619702684903,3.7754114482505825,11.702953977957621,42.283149405692406,18.491718709720395,2.7971165615068667,2.1154776874856775,0.8985525067015406,54.17250192454445,1.4947014133899967,11.131366017832182,100,45,90,1210,8300,180.0,1.4115,109.2,54.6,9.8,98.5,98.0,95.05,7.506297382615534,0.09623200412604743
52,synthetic,19.58668836275838,3.4462483605471137,10.887532912184838,42.96537049726592,17.371989449267236,2.2874045144940496,2.02730544497843,1.4274604585040267,53.73310590141976,1.5279898069492612,11.030407454858192,100,45,90,1210,8300,180.0,1.4115,109.2,54.6,9.8,98.5,98.0,95.05,7.650567712909961,0.09601148863807418
53,synthetic,18.910025853690886,3.8002021573928895,10.570520355918186,40.16970747061571,20.12689452095651,2.660133049291053,2.6084141826524028,1.1541024094823569,50.68417974689157,1.6743581094175422,10.772173905022,100,45,90,1210,8300,180.0,1.4115,109.2,54.6,9.8,98.5,98.0,95.05,7.470500649243442,0.0969030089402683
54,synthetic,19.84907558352785,3.976867122147437,11.441141227439527,38.466654355608306,20.136274482065414,3.124975306902903,2.3811421474443537,0.623869774864221,52.35335133795033,1.37922953268937,10.501378352273754,100,45,90,1210,8300,180.0,1.4115,109.2,54.6,9.8,98.5,98.0,95.05,7.33702888169091,0.09844816475755867
55,synthetic,15.204734801428598,3.6660146912937677,12.448498709084529,40.097225748262865,21.898781186464483,2.6974601842904793,3.0757086769812245,0.9115760021940599,51.62376958534305,1.5947232560751743,10.692522354580404,100,45,90,1210,8300,180.0,1.4115,109.2,54.6,9.8,98.5,98.0,95.05,7.381126629734772,0.095140841615819
56,synthetic,18.968410752799862,2.6272289084677483,12.777308550688819,38.18376865143332,20.61441850890007,3.387052500829833,2.904841399679175,0.5369707272011742,48.1717521305539,1.3039842741365966,10.786872341611325,100,45,90,1210,8300,180.0,1.4115,109.2,54.6,9.8,98.5,98.0,95.05,7.241103827991698,0.09971102188810467
57,synthetic,19.263905648159565,3.0220471351142715,14.266723355720298,40.25777880157112,17.09260555783234,2.8854803763247237,2.4366340745226176,0.774825050755067,51.488063958731814,0.993963725333201,10.904098617496613,100,45,90,1210,8300,180.0,1.4115,109.2,54.6,9.8,98.5,98.0,95.05,7.4194086173328415,0.09956747691281549
58,synthetic,19.432787810859345,2.781390522909237,10.424057956178816,42.50489828212995,17.393488569819624,3.0764587214623513,2.88817476657391,1.498743370066765,54.024332822839774,1.3182563163429313,10.917102970877925,100,45,90,1210,8300,180.0,1.4115,109.2,54.6,9.8,98.5,98.0,95.05,7.528746240590461,0.10114321305701139
59,synthetic,17.704283184724755,2.9268113126677378,14.484983993864976,41.72071424365259,16.645679818164616,2.4880140957750156,2.9999712958652434,1.0295420552850723,53.75648065076716,1.1978809281479552,10.977076602647177,100,45,90,1210,8300,180.0,1.4115,109.2,54.6,9.8,98.5,98.0,95.05,7.480017499122363,0.09849487460843068
60,synthetic,18.71158974708988,3.386117191245649,13.267196045047475,42.16717273760426,17.09568304060378,2.3620580924399945,2.354741581885532,0.6554415640834225,53.214776611274424,1.3701980138664154,10.98991247238744,100,45,90,1210,8300,180.0,1.4115,109.2,54.6,9.8,98.5,98.0,95.05,7.4832697053997705,0.095260509352374
61,synthetic,19.371571826454037,2.924870399875171,12.807446972071922,37.71807146851634,20.543820975989618,3.1757361640635704,2.482224884442612,0.9762573085867257,50.432459352482645,1.5499788612228607,10.412283505247657,100,45,90,1210,8300,180.0,1.4115,109.2,54.6,9.8,98.5,98.0,95.05,7.353017418688631,0.10002587739296893
62,synthetic,15.509470786572724,3.4793831898459975,14.776747140939055,41.496614144350595,18.58912445010078,2.6494587393016507,2.0394270265599794,1.4597745223292202,49.83472819925106,1.4037536078400181,10.904525133674777,100,45,90,1210,8300,180.0,1.4115,109.2,54.6,9.8,98.5,98.0,95.05,7.596137375898816,0.09767588041628752
63,synthetic,17.44751003253604,2.9996412415159566,12.156635100732249,40.56146626448273,20.46406796268609,3.2618055593224344,2.286383397756775,0.8224904409677298,52.455909254296365,1.4085058113310613,10.758489259431652,100,45,90,1210,8300,180.0,1.4115,109.2,54.6,9.8,98.5,98.0,95.05,7.391621748277141,0.09765041504616011
64,synthetic,19.247176665448897,2.5071120893678107,14.266847296711834,38.1951924455858,19.33383360498882,2.2441152291574364,2.8502311269488123,1.3554915417905857,52.266881689335875,1.3428490542249525,10.462536704386945,100,45,90,1210,8300,180.0,1.4115,109.2,54.6,9.8,98.5,98.0,95.05,7.467423540577428,0.0981799880119826
65,synthetic,16.271317418770785,3.8781905213540213,12.27228715149329,41.16641039529896,19.22397118033325,3.4769743004264653,2.3976896865031194,1.3131593458201127,51.00805897396306,1.6638788033550491,10.549631642605846,100,45,90,1210,8300,180.0,1.4115,109.2,54.6,9.8,98.5,98.0,95.05,7.482565697482308,0.10103859708751309
66,synthetic,19.48651099877047,3.8205704501915383,12.681002065556877,39.099452214304435,19.352544209025297,2.4097807872513144,2.0555716660092056,1.0945676088908645,51.97132049680178,1.0051601451371515,10.62435210868039,100,45,90,1210,8300,180.0,1.4115,109.2,54.6,9.8,98.5,98.0,95.05,7.503157953072505,0.09654153945049689
67,synthetic,16.268322532809144,3.4161551998531277,12.767704200448058,42.89293702756887,17.77316550041474,3.0164311453996913,2.7983465981869773,1.0669377953193868,51.83300293295086,0.9408043502556294,10.973875024994316,100,45,90,1210,8300,180.0,1.4115,109.2,54.6,9.8,98.5,98.0,95.05,7.4838354152065305,0.09877798689628405
68,synthetic,18.79211118592377,3.9751256139894062,12.096361939504025,40.61975360148485,18.602081363198717,2.01870481691182,2.8756314119414164,1.0202300670459938,50.9198051081075,0.8741919458258542,10.885560177375465,100,45,90,1210,8300,180.0,1.4115,109.2,54.6,9.8,98.5,98.0,95.05,7.497669168752547,0.09504912853498976
69,synthetic,17.039807151802826,2.6411079446340935,14.448282108376986,41.45601851604237,17.765050680283895,3.0238723973138306,2.1643115720049657,1.4615496295410324,54.3646170035891,1.6047977117607783,10.894284364135581,100,45,90,1210,8300,180.0,1.4115,109.2,54.6,9.8,98.5,98.0,95.05,7.554637378713218,0.10039543357467046
70,synthetic,15.892208809109155,2.7993129893492354,14.29491430278857,39.556987696919435,21.388079208993517,2.3182211112849522,2.516780976992311,1.2334949045628298,51.70901632332192,1.582284191970827,10.896604051923703,100,45,90,1210,8300,180.0,1.4115,109.2,54.6,9.8,98.5,98.0,95.05,7.48140073437529,0.09467429752806915
71,synthetic,19.391828669054007,3.0685790425559576,12.585097434247146,37.734586053855345,20.192014873638144,3.096703964979193,2.8612561430286934,1.0699338186415264,52.16409499347591,1.178600127938052,10.495428414325714,100,45,90,1210,8300,180.0,1.4115,109.2,54.6,9.8,98.5,98.0,95.05,7.352238547090925,0.1007176540758346
72,synthetic,15.523075484023876,3.85595993631706,14.327862696605141,40.08818864768727,20.58668205072833,2.1497937157410942,2.224837103789572,1.243600365107652,52.73684286750886,0.917571310155731,10.770360744558856,100,45,90,1210,8300,180.0,1.4115,109.2,54.6,9.8,98.5,98.0,95.05,7.546055789846872,0.09400461410413014
73,synthetic,15.115700472909733,3.9688369505609193,11.885723401778403,42.40996944061836,20.035187735835766,3.331356632732065,2.4340928769650905,0.819132488599666,56.04804289735026,1.4274075783655835,10.982868685629944,100,45,90,1210,8300,180.0,1.4115,109.2,54.6,9.8,98.5,98.0,95.05,7.428379169412211,0.09715139583257733
74,synthetic,18.043705644491233,3.371484060622076,12.045699888123986,40.71246859829911,19.21242329107396,3.4030720543497424,2.5144042822892563,0.6967421807506313,51.863705602189036,1.3068258587623933,10.832237144147234,100,45,90,1210,8300,180.0,1.4115,109.2,54.6,9.8,98.5,98.0,95.05,7.36230682045442,0.09931469395844501
75,synthetic,16.217983726793037,2.6483867576572333,13.76752281500129,40.873621255135006,21.167252363425092,2.417170035307232,2.2222969118100258,0.6857661348710872,51.27615744259135,1.1596280397549248,10.999067725783284,100,45,90,1210,8300,180.0,1.4115,109.2,54.6,9.8,98.5,98.0,95.05,7.42959427215695,0.09235068979527918
76,synthetic,19.92284304125377,3.9735500246567987,14.764995663839908,40.24135454964953,15.502754983520191,2.206690303891708,2.334913179123636,1.0528982540644614,54.37583435937439,1.1571687164710296,10.616461873363344,100,45,90,1210,8300,180.0,1.4115,109.2,54.6,9.8,98.5,98.0,95.05,7.544144934200199,0.09879770871540178
77,synthetic,19.259665788973994,3.3763417900918276,13.675647137598167,40.353880854720195,17.07223004037018,2.5568789556324156,2.445340460869187,1.260014971744035,51.53690268453732,1.4023530709581513,10.733875218780836,100,45,90,1210,8300,180.0,1.4115,109.2,54.6,9.8,98.5,98.0,95.05,7.527904202234624,0.0994947174415615
78,synthetic,18.86176493837284,2.8102202912710474,14.707694283690495,41.55657497955827,15.844587362105806,3.3441831236354456,2.1104352102147903,0.7645398111513111,53.97870214923364,1.3452511861464087,10.986582778512394,100,45,90,1210,8300,180.0,1.4115,109.2,54.6,9.8,98.5,98.0,95.05,7.439835372253037,0.10153438882367453
79,synthetic,19.232392680339785,2.769238108519131,12.06783965654985,41.28102162457574,18.14901509960888,2.3678884595348144,2.7812697214695854,1.3513346494022038,52.71346660591842,1.467367065696766,10.781945052805153,100,45,90,1210,8300,180.0,1.4115,109.2,54.6,9.8,98.5,98.0,95.05,7.533199396804164,0.0975006336694279
80,synthetic,19.37287569927786,3.0089832186048415,12.654251971439072,42.24045105134881,16.73884482705956,2.367194752325218,2.1773794691371164,1.4400190108075148,55.95887768294129,1.42645320826885,11.053815430148173,100,45,90,1210,8300,180.0,1.4115,109.2,54.6,9.8,98.5,98.0,95.05,7.6221996481966805,0.09777130555323638
81,synthetic,19.4399441430279,3.6660380699915383,12.588307606438645,39.55204837305257,18.434255408583102,2.794618499273747,2.5902248149347984,0.9345630846976903,48.92104285723168,1.1838477916872225,10.77401168996827,100,45,90,1210,8300,180.0,1.4115,109.2,54.6,9.8,98.5,98.0,95.05,7.425996696900837,0.09899982935129369
82,synthetic,15.658774164460338,2.688495779302804,14.761248579228416,41.853106755025145,18.374215317104454,3.4298082873577833,2.179934565481121,1.0544165520399336,53.00107079210647,0.879268393068085,11.00383275684498,100,45,90,1210,8300,180.0,1.4115,109.2,54.6,9.8,98.5,98.0,95.05,7.462768980668429,0.10012120102110175
83,synthetic,17.325070659946366,3.1006768678679175,12.659430456730341,42.97949026706286,16.31067261230739,3.4829058477793646,2.900138655574249,1.2416146327315154,51.34951372520943,1.5427037257385992,10.929600470730232,100,45,90,1210,8300,180.0,1.4115,109.2,54.6,9.8,98.5,98.0,95.05,7.480506761278565,0.10296304604140781
84,synthetic,17.343796485069763,2.729315683189504,14.603329291367839,42.18758795916783,17.38970947167209,2.0751600345454007,2.3766440444916914,1.2944570304958845,52.81561843035355,1.523760995389172,10.870430282852341,100,45,90,1210,8300,180.0,1.4115,109.2,54.6,9.8,98.5,98.0,95.05,7.596579801335871,0.0956031549426747
85,synthetic,18.113543724941042,3.6262578771172898,13.968176919311887,40.80186201444963,16.483682277563798,3.3856749741397705,2.48178856321241,1.1390136492641645,50.18144718069546,1.2646810444657288,10.755475384470305,100,45,90,1210,8300,180.0,1.4115,109.2,54.6,9.8,98.5,98.0,95.05,7.464518007874024,0.10321438181409745
86,synthetic,18.16141406515105,3.0893910873553496,14.609262250774975,40.149406267586606,17.23409546225649,3.0892701925758517,2.507209373170398,1.1599513011292788,49.589086718502436,0.9995018264447537,10.732676133815437,100,45,90,1210,8300,180.0,1.4115,109.2,54.6,9.8,98.5,98.0,95.05,7.461681544394825,0.10169167542164163
87,synthetic,17.998476783579953,3.209175959138497,14.750305473122186,40.28528200472505,17.39899549928469,2.2658532518739087,2.7459034669678113,1.3460075613079088,50.701438510483364,1.2343058266840041,10.453713230436287,100,45,90,1210,8300,180.0,1.4115,109.2,54.6,9.8,98.5,98.0,95.05,7.536136448543119,0.09848693599275932
88,synthetic,15.201268699699618,3.174449032634021,14.462438448436632,39.6822510004651,20.247330332460074,3.4877115747464424,2.584555192756968,1.1599957188011514,50.47390707686957,1.2728020597170233,10.72122752425902,100,45,90,1210,8300,180.0,1.4115,109.2,54.6,9.8,98.5,98.0,95.05,7.3993081672655885,0.10093382295116622
89,synthetic,16.51240140568964,3.9213033994989885,11.83167744278268,41.122549098952824,20.1695749888064,2.6047103061786228,2.6180008230692993,1.219782535021546,50.525484297394875,1.628458247513378,10.693772489275734,100,45,90,1210,8300,180.0,1.4115,109.2,54.6,9.8,98.5,98.0,95.05,7.505277109899081,0.09609266243486615
90,synthetic,17.544670758756773,3.860629490364263,12.09650493963905,41.06612613099889,19.529502587003275,2.513543649950081,2.4489723350541146,0.9400501082335524,50.74433987158526,1.6068687752891984,10.854147960024413,100,45,90,1210,8300,180.0,1.4115,109.2,54.6,9.8,98.5,98.0,95.05,7.480211008547177,0.09531924452750207
91,synthetic,15.629035091561427,2.63758551858851,13.337449615733789,42.96465110185102,19.588624168401367,2.9943645713151428,2.021743089876961,0.8265468426717799,52.42692747891529,1.2907966794756809,11.147326562727923,100,45,90,1210,8300,180.0,1.4115,109.2,54.6,9.8,98.5,98.0,95.05,7.477756617213918,0.09519134832742478
92,synthetic,15.693272481167098,2.9252811498988436,13.373682736746389,40.534013609315394,21.37228837129677,2.303783611886279,2.5962869384457914,1.2013911012434324,54.34595192743805,1.1533034578750476,10.749399855047946,100,45,90,1210,8300,180.0,1.4115,109.2,54.6,9.8,98.5,98.0,95.05,7.491751338278781,0.09387373426280128
93,synthetic,19.764612342427828,3.415090724330761,11.275534655136903,39.71226107226541,19.378347098397555,2.480736742517024,3.073741229760879,0.8996761351636369,51.787523242576825,1.1557067849916585,10.710737993820908,100,45,90,1210,8300,180.0,1.4115,109.2,54.6,9.8,98.5,98.0,95.05,7.400353805531643,0.09693293841954237
94,synthetic,18.42713860380507,2.5348413735201376,12.000307230673776,39.07234365762227,21.12575329325758,2.9153411666498688,2.488337175035574,1.435937499435726,51.211524597690385,1.5821789895319456,10.817700080089413,100,45,90,1210,8300,180.0,1.4115,109.2,54.6,9.8,98.5,98.0,95.05,7.4621356139388455,0.09862409606310767
95,synthetic,19.269921880736145,2.983323510734407,12.722742010206698,40.5352116610827,18.428769792647238,2.9483037501722933,2.3675223936546312,0.7442050007658882,51.403780947136624,1.300320518013224,10.890169948192202,100,45,90,1210,8300,180.0,1.4115,109.2,54.6,9.8,98.5,98.0,95.05,7.409026197065064,0.09813166894870647
96,synthetic,17.40303815471153,3.1846782917714074,11.201131380745016,42.893886983334866,19.513734360515034,2.4339802041535017,2.28358925067259,1.0859613740960548,52.16742622691845,1.4553693985902105,10.990556151211983,100,45,90,1210,8300,180.0,1.4115,109.2,54.6,9.8,98.5,98.0,95.05,7.546446404118469,0.09383826436024349
97,synthetic,17.049911941125217,2.8282849131919483,14.080280083764155,39.92159664273201,21.02398943506063,2.2515492795166714,2.00825773608,0.8361299685293737,50.44706689750938,1.1575589025490387,10.965799416010457,100,45,90,1210,8300,180.0,1.4115,109.2,54.6,9.8,98.5,98.0,95.05,7.4660298868533195,0.09267476320500886
98,synthetic,18.987554178403762,3.758760799351487,10.691645350580247,40.04045374823491,20.420351308281358,2.173556250964144,2.4290688491721824,1.4986095150119159,51.36585669955787,1.6960270056702944,10.688897556843308,100,45,90,1210,8300,180.0,1.4115,109.2,54.6,9.8,98.5,98.0,95.05,7.568263771048149,0.09532273079244356
99,synthetic,15.962954116154549,2.7309453738664398,12.114001662733967,42.8065240951584,19.33767968178903,3.3993511736198796,3.0789032600863377,0.5696406365913946,53.11383638711439,1.7794459482768008,10.78561688870161,100,45,90,1210,8300,180.0,1.4115,109.2,54.6,9.8,98.5,98.0,95.05,7.333092621298019,0.09783190788147787
100,synthetic,15.689987586739527,3.6861069608439907,11.353160761354303,41.62606282113127,21.193943416544524,2.9951798858436303,2.123029282618745,1.3325292849240071,49.333401115200466,1.5839292597060721,10.65740759669878,100,45,90,1210,8300,180.0,1.4115,109.2,54.6,9.8,98.5,98.0,95.05,7.529848281912936,0.09625330905842153
101,synthetic,15.88178190004038,3.135243092019481,12.760924642796649,42.47744553427458,18.50536304356195,3.029244373422726,2.7179554083561808,1.492042005528055,52.1617028214738,1.172287600145967,10.904369125108287,100,45,90,1210,8300,180.0,1.4115,109.2,54.6,9.8,98.5,98.0,95.05,7.541096624216409,0.09961879343673899
102,synthetic,19.99710954612094,3.2746891039534614,10.47599543480432,39.38093879278588,20.094903092781028,3.4649961173248838,2.3501590263919225,0.9612088858375738,50.29501426372965,1.318972628884383,10.751393188806684,100,45,90,1210,8300,180.0,1.4115,109.2,54.6,9.8,98.5,98.0,95.05,7.378256347863693,0.10034264074244764
103,synthetic,17.12388462407728,2.577128731835394,13.361322156117224,42.04654194113554,17.473363865479275,3.181195811947253,2.9153320828101847,1.3212307865978454,50.42385724580643,1.1571282681306818,10.844402931482716,100,45,90,1210,8300,180.0,1.4115,109.2,54.6,9.8,98.5,98.0,95.05,7.480262168146995,0.10138211446734716
104,synthetic,17.083329990199402,2.982318523361349,13.744103898335274,39.21739256404936,20.609726036899062,2.7368861695870494,2.9823341214899335,0.6439086960785583,49.05427080629881,1.2375842213213237,10.67510985887897,100,45,90,1210,8300,180.0,1.4115,109.2,54.6,9.8,98.5,98.0,95.05,7.324275054859809,0.09636507536034696
105,synthetic,19.30400486810268,3.734686914925142,12.694708831320934,37.721338888617645,20.73439915505786,2.1391341161367423,2.43392966973263,1.237797556106373,49.91056322266679,1.2956399166095625,10.499299820278207,100,45,90,1210,8300,180.0,1.4115,109.2,54.6,9.8,98.5,98.0,95.05,7.4814881306094625,0.09582492504224004
106,synthetic,16.287259796619818,3.628493371650329,12.52089302195407,41.49058844662952,20.251861915637633,2.6970194567859944,2.4046947742439992,0.7191892164786323,51.27394871723277,1.4426265771617226,11.007932969592794,100,45,90,1210,8300,180.0,1.4115,109.2,54.6,9.8,98.5,98.0,95.05,7.4343916023400665,0.094390272842332
107,synthetic,16.99253311737106,3.9855826860407237,10.686056288953061,42.28066067355692,19.574778779855503,2.673094260801876,2.432209994366781,1.3750841990540823,51.505739812958254,1.4164587102770658,10.83821571769514,100,45,90,1210,8300,180.0,1.4115,109.2,54.6,9.8,98.5,98.0,95.05,7.565650600401694,0.09638504496635328
108,synthetic,19.877978229142,3.809288438161268,10.961503395175665,42.268816599833336,16.54558544846254,2.984110818642595,2.317991939802011,1.2347251307805798,53.132774206150984,1.6354566486751092,10.980234615226694,100,45,90,1210,8300,180.0,1.4115,109.2,54.6,9.8,98.5,98.0,95.05,7.547875562554455,0.1003040544328026
109,synthetic,17.832103254048224,3.3263631527356043,14.14273462419393,39.52923941601092,19.973729402198746,2.0398666474959377,2.054405050860617,1.1015584524560156,48.78221878537495,1.4131454098354796,10.86757871449148,100,45,90,1210,8300,180.0,1.4115,109.2,54.6,9.8,98.5,98.0,95.05,7.528080605690263,0.09391695837249435
110,synthetic,17.43096037811138,2.890276983014487,12.093280436574009,40.53747788864706,20.305372231130022,3.239917226986895,2.6173453746790485,0.885369480857103,51.31746109097578,1.5106399458493063,10.701167658967393,100,45,90,1210,8300,180.0,1.4115,109.2,54.6,9.8,98.5,98.0,95.05,7.3795258825123975,0.0982928674793666
111,synthetic,19.677709719213276,2.58923003827501,11.075891373143593,41.80196782944549,19.100399276083056,2.293229764373006,2.747479710129854,0.7140922893367202,50.89530545186977,1.3943712423518047,10.803233438392548,100,45,90,1210,8300,180.0,1.4115,109.2,54.6,9.8,98.5,98.0,95.05,7.43616301665681,0.09383218852929277
112,synthetic,18.77135757468946,3.7297132873570362,12.630302634430105,37.56029523893072,21.976740480634074,2.066262654416242,2.441391460604725,0.8239366689376362,50.12996705041714,1.6161953798816895,10.316906560875973,100,45,90,1210,8300,180.0,1.4115,109.2,54.6,9.8,98.5,98.0,95.05,7.406036382079254,0.09311655095713617
113,synthetic,19.743227493563204,3.3652914377463894,14.030954827223626,39.65801109217189,16.192388355609634,3.4679512158506585,2.548503501563947,0.9936720762706458,49.7303789375431,1.1548909682077495,10.474334457890468,100,45,90,1210,8300,180.0,1.4115,109.2,54.6,9.8,98.5,98.0,95.05,7.406549101744803,0.1043865422981433
114,synthetic,19.85442364272869,3.0710985418257177,11.987625122774965,40.75510234571621,19.093268919634557,2.1920789158216802,2.3531941890530406,0.6932083224451305,51.837098886936786,1.6222580602938697,11.013093767815064,100,45,90,1210,8300,180.0,1.4115,109.2,54.6,9.8,98.5,98.0,95.05,7.454456891354565,0.093662664390269
115,synthetic,19.633846957444966,3.8991694294854735,11.957459897653317,40.941571183032885,17.304837217184385,2.6765697502778827,2.624727653471342,0.9618179114497483,52.621719704681794,1.3612654944006999,10.819567577849377,100,45,90,1210,8300,180.0,1.4115,109.2,54.6,9.8,98.5,98.0,95.05,7.4740443774888305,0.09865890749034444
116,synthetic,18.61556901072693,3.08364506728312,11.072694862800718,41.54612039095144,18.938706874024,3.133309313710141,2.2831645985799085,1.3267898819237445,50.91789604581327,1.5009991480680593,10.75496110541027,100,45,90,1210,8300,180.0,1.4115,109.2,54.6,9.8,98.5,98.0,95.05,7.513855168198694,0.09937446069559273
117,synthetic,19.63752429812525,3.3960917936107613,13.344738294957898,40.97970023627498,15.368031932261388,3.41827983653286,2.431733207691438,1.4239004005454299,53.24415907855027,1.5710785311833113,10.668370652732534,100,45,90,1210,8300,180.0,1.4115,109.2,54.6,9.8,98.5,98.0,95.05,7.520131357176421,0.10515816115411052
118,synthetic,19.827079767408677,3.9453698683332306,14.278210608512017,38.90423956136844,16.313265049355234,2.89140904145237,2.9659621671210914,0.8744639364489377,51.173255844497305,1.4414211431104356,10.11,100,45,90,1210,8300,180.0,1.4115,109.2,54.6,9.8,98.5,98.0,95.05,7.390995133814105,0.10230682084931078
119,synthetic,15.505530829677925,3.7164443533598828,12.408817756810858,42.35232989395074,18.95074876251425,3.4732164444767664,2.6679325735434793,0.9249793856661014,52.650810016067595,1.2644469258028554,10.831122463159998,100,45,90,1210,8300,180.0,1.4115,109.2,54.6,9.8,98.5,98.0,95.05,7.423022364857461,0.0995197099792658
120,synthetic,16.84992183923599,3.1264289389810687,10.591995415893344,42.495191143245336,20.563253908923002,3.256575287280562,2.31283684803075,0.8037966184099441,54.04029114926328,1.342920120602026,10.751025557901041,100,45,90,1210,8300,180.0,1.4115,109.2,54.6,9.8,98.5,98.0,95.05,7.424472973144283,0.09603030998056078
121,synthetic,19.371671281674068,2.5359555332919332,12.602287218836139,40.86110419810011,18.245730002770507,3.0351901543676894,2.1797308701644,1.1683307407951538,51.923085926600024,1.3561725387026284,10.870594295289171,100,45,90,1210,8300,180.0,1.4115,109.2,54.6,9.8,98.5,98.0,95.05,7.486844836838416,0.09954284012896938
122,synthetic,15.942371515061508,3.016211617095022,10.484050746524858,41.95435277310138,21.631238570107232,2.607491092243726,2.889866562757424,1.4744171231088465,52.91095023417527,1.58316360322445,10.584707102428473,100,45,90,1210,8300,180.0,1.4115,109.2,54.6,9.8,98.5,98.0,95.05,7.5198969246887515,0.09508701484069834
123,synthetic,15.403676400013696,3.477504201902491,14.35704543370607,41.66851086516544,19.439641037767096,2.643539182036119,2.474183993401732,0.5358988860073589,53.0496349237676,1.5368217537456066,10.681543545818942,100,45,90,1210,8300,180.0,1.4115,109.2,54.6,9.8,98.5,98.0,95.05,7.411604251189062,0.09434690212028786
124,synthetic,17.673003756446377,3.990314495180271,14.79353762985967,41.46672350440154,15.282794601895143,3.0586955054442324,2.331941353366624,1.4029891534061367,52.468815766189074,1.1668366597409605,10.613798657377922,100,45,90,1210,8300,180.0,1.4115,109.2,54.6,9.8,98.5,98.0,95.05,7.568172631640876,0.10305037052694561
125,synthetic,17.67449076487935,3.8736172868180643,12.837240567746617,41.628312978829356,17.78063311030977,2.6675240822809885,2.069428887774258,1.468752321361599,50.36329170765612,1.2632101252790238,11.07220190286683,100,45,90,1210,8300,180.0,1.4115,109.2,54.6,9.8,98.5,98.0,95.05,7.606716869366299,0.0985314484903098
126,synthetic,16.553270925405414,2.7840452375092806,11.430236509201976,41.17852864445822,21.750612364240354,2.1414290802320104,2.9540333445512994,1.2078438944014478,50.37244403088029,1.1210910879924123,10.621685301851755,100,45,90,1210,8300,180.0,1.4115,109.2,54.6,9.8,98.5,98.0,95.05,7.485589326069467,0.09268435172230043
127,synthetic,17.717477975399305,3.8483823644807704,14.859019093233556,37.52845902046121,19.933868261302266,2.724407584207676,2.50204424369203,0.8863414572231818,53.18317117048558,1.2375924655806319,10.374195278688047,100,45,90,1210,8300,180.0,1.4115,109.2,54.6,9.8,98.5,98.0,95.05,7.383527830780765,0.09846434217110361
128,synthetic,17.842848573518676,3.8686731944434625,12.6860944184717,39.91922514801146,19.381926896893567,2.302800877414312,2.8806419827412353,1.1177889085055832,50.53207664451126,1.1296725035467492,10.661014376632975,100,45,90,1210,8300,180.0,1.4115,109.2,54.6,9.8,98.5,98.0,95.05,7.473420880755494,0.09640196602394227
129,synthetic,17.488238511826893,3.279324397164541,12.540964573891223,41.629722497823586,18.056672425371875,3.4922223392444125,2.53490867393764,0.977946580739831,55.12921792345975,1.5417069467611972,10.758132426428514,100,45,90,1210,8300,180.0,1.4115,109.2,54.6,9.8,98.5,98.0,95.05,7.4258760811868925,0.10106429450731873
130,synthetic,17.140849317544365,3.4569051163699673,14.281145018983038,39.28149525232867,19.41745810010321,2.521510452253855,2.72878255380282,1.1718541886140672,52.03760282876322,1.1547248020584278,10.422142635807429,100,45,90,1210,8300,180.0,1.4115,109.2,54.6,9.8,98.5,98.0,95.05,7.460380260381981,0.09784541456623318
131,synthetic,19.802934812533124,3.0563684823125037,12.125408837570657,37.8018438002793,20.684860728309413,2.758643472114112,2.8102304024273064,0.9597094644535921,52.39848006086683,1.5798707131926675,10.648499927383764,100,45,90,1210,8300,180.0,1.4115,109.2,54.6,9.8,98.5,98.0,95.05,7.358477249524344,0.09823066276952949
132,synthetic,19.41412783017039,3.6408190340948003,13.540787769213175,41.46780607205971,16.226263974992026,2.5365239472889614,2.526245418695346,0.6474259534855858,51.468259830424934,1.3028862696114143,10.896378462699252,100,45,90,1210,8300,180.0,1.4115,109.2,54.6,9.8,98.5,98.0,95.05,7.454345401633356,0.09763341025464799
133,synthetic,18.911055976338975,3.6219851934286704,14.07536548109377,38.897434353231326,18.13768443219425,3.2308356239597913,2.2648283783356966,0.8608105614175153,51.69701311823326,1.261408955034197,10.318054641526803,100,45,90,1210,8300,180.0,1.4115,109.2,54.6,9.8,98.5,98.0,95.05,7.3960829189201345,0.10120106205358557
134,synthetic,17.840836756456824,3.3282440549566408,14.183065205163466,42.329345417349664,15.760599722835837,2.337766499158318,2.8723054768555936,1.3478368672236547,52.45569247657168,1.5034586344281122,10.734427534456225,100,45,90,1210,8300,180.0,1.4115,109.2,54.6,9.8,98.5,98.0,95.05,7.5751346354278475,0.0990561551924389
135,synthetic,19.97412106810434,3.8093680245806265,14.449495035361656,38.56289480903465,17.200435598409335,2.6024924510140646,2.2948936153026063,1.1062993981927156,52.38809597405943,1.44221308260563,10.44404966414793,100,45,90,1210,8300,180.0,1.4115,109.2,54.6,9.8,98.5,98.0,95.05,7.481072802913744,0.10029875798577288
136,synthetic,19.69402677103519,3.0169613297674265,12.785008909407251,42.40255618861802,17.074097413174396,2.254699960659061,2.2147040828005213,0.5579453445381299,54.13446044321136,1.221998359185397,10.884514828434195,100,45,90,1210,8300,180.0,1.4115,109.2,54.6,9.8,98.5,98.0,95.05,7.483569385289058,0.0941569587746022
137,synthetic,19.746467615046285,3.1043194127614444,14.17060446001054,37.41642378848972,19.769306308827836,2.287881742116628,2.193008471236997,1.3119882015105448,49.925722218609785,1.5460856054508993,10.35766239466941,100,45,90,1210,8300,180.0,1.4115,109.2,54.6,9.8,98.5,98.0,95.05,7.493152802993016,0.09766017647066869
138,synthetic,19.822594430696007,2.8968964080192374,12.149785249500239,40.59834309588347,18.027609152696563,2.3795521248945253,2.8533701950807995,1.2718493432291553,50.898646084486366,0.9622437671823043,11.016757470343338,100,45,90,1210,8300,180.0,1.4115,109.2,54.6,9.8,98.5,98.0,95.05,7.503837769379658,0.09803461871369608
139,synthetic,19.914935857679534,3.1177651604514605,12.016772016245643,37.060914901883805,21.463428774080686,2.368813380507588,2.8027967709331536,1.2545731382181347,51.91766729299543,1.5217125629655037,10.580508334941124,100,45,90,1210,8300,180.0,1.4115,109.2,54.6,9.8,98.5,98.0,95.05,7.415420346250595,0.09711465015945366
140,synthetic,19.538024456952414,3.7040809079325485,11.330154363108326,42.53436671724468,16.91894075582026,2.3820925251762013,2.1485419056618595,1.4437983681037112,53.59492782419485,1.2780736194135927,10.965472375238996,100,45,90,1210,8300,180.0,1.4115,109.2,54.6,9.8,98.5,98.0,95.05,7.637095817591309,0.09741424793379068
141,synthetic,17.010238990785346,2.8370342118188105,14.233355252541218,42.75494314195483,17.794367118604534,2.0526752166645,2.1781357272745945,1.13925034035617,52.20826699455049,1.8126907160774026,11.11172142336517,100,45,90,1210,8300,180.0,1.4115,109.2,54.6,9.8,98.5,98.0,95.05,7.59583190726278,0.09396656552386183
142,synthetic,19.337117697412918,2.958700343107851,13.09458190586763,37.79995833100779,20.31976818590511,2.1924398877666804,2.858922189970953,1.4385114589610657,49.91388580046393,1.4467761569320465,10.3825558909585,100,45,90,1210,8300,180.0,1.4115,109.2,54.6,9.8,98.5,98.0,95.05,7.474941103960079,0.09751601600566556
143,synthetic,18.641874828732046,3.161834122720837,14.383390693758514,37.851631152612086,18.69220341050791,3.117156391725131,2.9025565382444647,1.249352861699006,52.728807702938205,1.211335165461184,10.417702640281789,100,45,90,1210,8300,180.0,1.4115,109.2,54.6,9.8,98.5,98.0,95.05,7.392961324631085,0.1028202859617472
144,synthetic,18.934456907250137,3.8697306255208117,11.233625267397356,39.5256371140195,20.155662523913215,3.016957778817567,2.5753995492072463,0.6885302338741602,52.89034214126909,1.4129319191346659,10.69966942098522,100,45,90,1210,8300,180.0,1.4115,109.2,54.6,9.8,98.5,98.0,95.05,7.3603519459863564,0.09754523064790241
145,synthetic,16.91391581390128,3.9699678098352376,14.417649182118538,40.95702998176772,17.109242503638306,3.1552896703067828,2.3705421982165955,1.1063628402155352,51.889209419235634,1.2692343706593143,10.632942460743717,100,45,90,1210,8300,180.0,1.4115,109.2,54.6,9.8,98.5,98.0,95.05,7.486684144563087,0.10118826014844871
146,synthetic,18.748528755223184,2.8864189242730545,14.333044160768363,37.212164526439295,20.222475852715554,3.3285577562875446,2.2375172694743926,1.031292754818605,49.7755750767854,1.630728087713897,10.388908270296518,100,45,90,1210,8300,180.0,1.4115,109.2,54.6,9.8,98.5,98.0,95.05,7.3615016176082335,0.1013237082167313
147,synthetic,18.719973613474956,3.297419378043159,12.380669105452052,40.88480622906324,18.146725687864645,2.960658818155462,2.2216884729316213,1.3880586950148697,50.486593375593294,1.2197300576994645,10.927414700251457,100,45,90,1210,8300,180.0,1.4115,109.2,54.6,9.8,98.5,98.0,95.05,7.536995682240181,0.0999982584697058
148,synthetic,19.058761856096325,3.0243454171780506,12.893046484062623,41.163056308219986,15.987191099650103,3.458519371900397,2.993181956393312,1.4218975064992003,52.73234623233145,1.4216032372550358,10.689308865270075,100,45,90,1210,8300,180.0,1.4115,109.2,54.6,9.8,98.5,98.0,95.05,7.471533884391527,0.10520982009548994
149,synthetic,15.370288416845368,2.6988131214271203,14.136272977953682,41.49513988084036,19.0616815172006,3.1616258068539986,2.694003208549921,1.3821750703289482,53.03204720790977,1.1484012117075904,10.769791698214476,100,45,90,1210,8300,180.0,1.4115,109.2,54.6,9.8,98.5,98.0,95.05,7.487370634089615,0.10005204748214465
150,synthetic,18.1923376388237,3.2831876393547264,13.563748468806498,41.12574945331941,18.131749262544766,2.5190957343571023,2.514417697695234,0.6697141050985607,53.3630843685603,1.4828614831752838,10.75236156126293,100,45,90,1210,8300,180.0,1.4115,109.2,54.6,9.8,98.5,98.0,95.05,7.434841278373604,0.09595483549713307
151,synthetic,19.282048153278694,2.616617000387563,13.825122025890215,40.63003278908275,17.15365826465321,2.324933546276064,2.7577915976982696,1.409796622733234,50.54940451083305,1.3580814906471999,10.958914162923467,100,45,90,1210,8300,180.0,1.4115,109.2,54.6,9.8,98.5,98.0,95.05,7.540995959713157,0.09894918406303772
152,synthetic,15.67539896108762,3.5403107043800794,13.373751781901117,42.12075800930364,19.77811685551818,2.1111058291080593,2.491522726655568,0.9090351320457297,49.80475599536221,1.3581046941820856,10.756970079352117,100,45,90,1210,8300,180.0,1.4115,109.2,54.6,9.8,98.5,98.0,95.05,7.515193016160408,0.09237874676984369
153,synthetic,18.802108425923088,3.2088339750052857,12.495971127111117,39.193443456391805,19.33803572565748,3.3919559122487364,2.540993839554201,1.028657538108291,50.10713231137956,1.2632670722001673,10.577180848891993,100,45,90,1210,8300,180.0,1.4115,109.2,54.6,9.8,98.5,98.0,95.05,7.383438060966231,0.10133119513722678
154,synthetic,18.009984817637648,3.606272705946589,10.359251677431171,42.68493128242406,18.609812069653806,2.7223873838090653,3.0138534826613275,0.9935065804363411,51.741320541150166,1.3287555622966236,10.880367886842913,100,45,90,1210,8300,180.0,1.4115,109.2,54.6,9.8,98.5,98.0,95.05,7.468193575254601,0.0967696495652046
155,synthetic,16.252165433659442,2.894306998239674,12.912223707696887,38.782751302980756,21.9546576620209,3.4854171306391315,2.5794505544985387,1.1390272102646737,48.603907953720515,1.4610427395630423,10.646334920790634,100,45,90,1210,8300,180.0,1.4115,109.2,54.6,9.8,98.5,98.0,95.05,7.361726148369997,0.09982326502118084
156,synthetic,19.299852718508028,3.899400187680258,11.01930313664772,40.55906494579604,18.699792102597172,3.2492555819922684,2.3335222842980508,0.9398090424804667,53.02556446578494,1.0208929883875444,10.802578483681703,100,45,90,1210,8300,180.0,1.4115,109.2,54.6,9.8,98.5,98.0,95.05,7.432877513956525,0.09977600960610945
157,synthetic,17.80388687281006,3.2582542290356002,13.18335139958153,41.574903188096044,17.85826115843092,3.1237612359732996,2.366904919126191,0.8306769969463526,52.91124987153751,1.1277963162694626,10.874253342717008,100,45,90,1210,8300,180.0,1.4115,109.2,54.6,9.8,98.5,98.0,95.05,7.439501251577348,0.09898006646406958
158,synthetic,15.63612980945914,2.783068315043379,14.252604394606788,42.97316309515686,18.12397637006309,2.341801679829251,2.8352752100246263,1.0539811258168594,52.84857971217526,1.648936780021634,11.214175887700465,100,45,90,1210,8300,180.0,1.4115,109.2,54.6,9.8,98.5,98.0,95.05,7.517203991218092,0.09527733907556647
159,synthetic,17.908636489793576,2.5325851835561344,14.243960565680442,42.88518007133205,16.08777983480093,2.909849502793145,2.48915683081182,0.9428515212319025,50.18537358996079,1.7840760238143658,10.908742715824713,100,45,90,1210,8300,180.0,1.4115,109.2,54.6,9.8,98.5,98.0,95.05,7.492702670463585,0.09926125875780246
160,synthetic,15.75019789124105,2.804185678913738,13.29993122118557,41.13030041849607,20.07371775572811,2.899140212869903,3.0484632179037785,0.994063603661777,53.39028960721932,1.4869686072103914,10.6683984629306,100,45,90,1210,8300,180.0,1.4115,109.2,54.6,9.8,98.5,98.0,95.05,7.403889510608865,0.09733173802149919
161,synthetic,15.092189014375968,3.158767769808902,13.220047007249342,41.98791728236739,19.27282876422015,3.1649726538330736,2.8915716872257775,1.2117058209193878,52.9605929145209,1.2626568624617938,10.866055657606315,100,45,90,1210,8300,180.0,1.4115,109.2,54.6,9.8,98.5,98.0,95.05,7.45931908597095,0.09918589924283928
162,synthetic,17.069651595273005,2.7650004719907426,14.122077713417465,38.721049893283514,21.479806681157072,2.302022478579073,3.022530207123944,0.5178609591751808,51.518102148082775,1.5705463794914272,10.667080138895052,100,45,90,1210,8300,180.0,1.4115,109.2,54.6,9.8,98.5,98.0,95.05,7.312419430504309,0.0935392955750576
163,synthetic,19.624812363534726,3.927893185121362,10.060259315079627,38.123395098076514,20.341135077437237,3.455302358854765,2.9964924406995563,1.470710161196213,50.32528725426522,1.5436657120069381,10.536470294328899,100,45,90,1210,8300,180.0,1.4115,109.2,54.6,9.8,98.5,98.0,95.05,7.400528353270375,0.10328600025929668
164,synthetic,17.751617528488197,2.6172342098280823,14.24894598902518,39.63247841834736,19.29679779066308,2.9221051162824336,2.458978970844555,1.0718419765211091,52.44882348127695,1.1906564936639508,10.580404958443129,100,45,90,1210,8300,180.0,1.4115,109.2,54.6,9.8,98.5,98.0,95.05,7.4305761465087,0.09892561869848232
165,synthetic,16.56107136461039,3.9541878755883815,13.665622372797728,42.76852759701924,17.582919873102416,2.2622110793495076,2.2415375514223004,0.96392228611005,51.8279294488703,1.1616813513279507,11.07646878160315,100,45,90,1210,8300,180.0,1.4115,109.2,54.6,9.8,98.5,98.0,95.05,7.565281376360961,0.09466685539997308
166,synthetic,19.71284200157169,3.6012195186413773,11.076218740895749,38.346897021435474,21.016927933932287,2.5673007845145217,2.9368944010277707,0.7416995979811309,52.5772054553611,1.3280894810768415,10.761714330700324,100,45,90,1210,8300,180.0,1.4115,109.2,54.6,9.8,98.5,98.0,95.05,7.342341186883929,0.09608705766214157
167,synthetic,18.09330305968159,3.890005732121923,11.289470045738971,40.64170569175285,19.850486134100983,3.480968929935716,2.165658115967304,0.5884022907006744,53.81820125848253,1.3758927278222655,10.688055275299828,100,45,90,1210,8300,180.0,1.4115,109.2,54.6,9.8,98.5,98.0,95.05,7.364251374208338,0.09836118992950914
168,synthetic,19.22849700323486,3.280107868392232,14.21365984403236,38.39177318298567,18.124726445005965,3.429462742340155,2.7158740486895105,0.6158988653192494,53.40543939631641,1.335143747838509,10.441952462151058,100,45,90,1210,8300,180.0,1.4115,109.2,54.6,9.8,98.5,98.0,95.05,7.296263503795299,0.10227323661565249
169,synthetic,19.051512776367332,3.066756466289236,12.652205898015394,40.63069065083433,19.154609147095346,2.0327470874687172,2.566646714530808,0.8448312593988379,51.457297713804685,1.1724841256325889,10.700180220096422,100,45,90,1210,8300,180.0,1.4115,109.2,54.6,9.8,98.5,98.0,95.05,7.473175848481323,0.0936680269982812
170,synthetic,17.10640063841627,2.6504310977428753,13.914102828243227,38.77347834261273,21.59682975565966,2.0334032309444,2.661510039092483,1.2638440672883582,52.14986073739025,1.1625255673653734,11.039929344613656,100,45,90,1210,8300,180.0,1.4115,109.2,54.6,9.8,98.5,98.0,95.05,7.477067395350143,0.09401151849138849
171,synthetic,16.42403794324945,3.681333377294825,13.161775253831507,38.76568929627049,21.50413842589749,3.471507217030659,2.0465807253985755,0.9449377610270062,49.12837948798729,1.0473900720270417,10.635911594530425,100,45,90,1210,8300,180.0,1.4115,109.2,54.6,9.8,98.5,98.0,95.05,7.38208392685876,0.09903267122245625
172,synthetic,17.73493893789109,2.7201148498114787,11.681429152136808,40.08522589495667,21.91353213429523,2.0243456845137073,2.4977587246768227,1.342654621718196,54.40896344889054,1.3733583165466348,10.846096526396893,100,45,90,1210,8300,180.0,1.4115,109.2,54.6,9.8,98.5,98.0,95.05,7.524517977094231,0.09270968270098143
173,synthetic,16.619506313596442,3.21969775413273,14.8902287289399,41.24773716650828,18.324137855329926,2.1963819682197485,2.0568936408330303,1.4454165724399486,49.25497561911818,1.1512183991325482,10.71420041386633,100,45,90,1210,8300,180.0,1.4115,109.2,54.6,9.8,98.5,98.0,95.05,7.617509301088825,0.0960320709555077
174,synthetic,16.294178186186997,3.256817859555906,14.297653959046627,41.7634400843467,18.137766481876206,2.4192310603552842,2.9410228997596697,0.889889468872609,49.54647967993685,1.3075867596171484,10.625250084438406,100,45,90,1210,8300,180.0,1.4115,109.2,54.6,9.8,98.5,98.0,95.05,7.460761449278885,0.09615816610662115
175,synthetic,18.40017467703946,2.7719821881487787,13.374063762029348,42.476126156860744,16.844327997325223,2.5328267511817995,2.383746717251037,1.2167517501636094,50.5875269354329,1.2178486959597974,10.900600303788725,100,45,90,1210,8300,180.0,1.4115,109.2,54.6,9.8,98.5,98.0,95.05,7.560671846216251,0.097799344442875
176,synthetic,17.332546315691715,3.041948348279025,14.26311359519725,40.2052404274349,19.003654379488417,2.3207462319169965,2.990100405958051,0.8426502960336406,52.196074824362384,1.369655029190922,10.849194472006467,100,45,90,1210,8300,180.0,1.4115,109.2,54.6,9.8,98.5,98.0,95.05,7.417040878908297,0.09593383637899781
177,synthetic,18.783247137083077,3.9862146483266834,14.642630875286645,37.640656902295234,18.52953548876438,2.7977357836669015,2.346039725939427,1.2739394386376564,51.906061667527744,1.569077747097065,10.279447372298238,100,45,90,1210,8300,180.0,1.4115,109.2,54.6,9.8,98.5,98.0,95.05,7.466840630948348,0.10112687779650063
178,synthetic,18.823783439663245,3.7664085363736666,14.477522885984422,38.04602882406759,18.04044473757707,3.150313352160796,2.8870386016754663,0.8084596224977502,51.289638429781554,1.4342328421638613,10.337142892281832,100,45,90,1210,8300,180.0,1.4115,109.2,54.6,9.8,98.5,98.0,95.05,7.336386217911188,0.10212091760236412
179,synthetic,18.850934747220915,3.6988343824885828,13.012051265457238,38.07563819325742,20.998022743415994,2.1468249203222896,2.3035162262448945,0.9141775215926705,50.09749587589259,1.2811310166236103,10.480962191130063,100,45,90,1210,8300,180.0,1.4115,109.2,54.6,9.8,98.5,98.0,95.05,7.441601594304235,0.09419503127510924
180,synthetic,19.468715643581362,3.138956447219274,11.63903860346993,41.323301161682416,18.517584345346023,2.6266149295442593,2.2831095443606606,1.002679324796067,53.043953169776785,1.327042738318546,10.839295479686854,100,45,90,1210,8300,180.0,1.4115,109.2,54.6,9.8,98.5,98.0,95.05,7.495732808012239,0.09666059174421425
181,synthetic,18.923610104256756,3.9513895389962084,14.19068277415152,40.64469623973888,15.9947274809615,2.7896901359525206,2.1869763733153644,1.3182273526272574,50.69559165947114,1.06555316120597,10.73040391362794,100,45,90,1210,8300,180.0,1.4115,109.2,54.6,9.8,98.5,98.0,95.05,7.561057411664095,0.10130679974340887
182,synthetic,17.92081074591648,2.8951739715353586,14.647994860035856,42.53193129663968,15.806302373199825,2.845793605206971,2.793144610133398,0.5588485373324318,52.72683372102535,1.1388067011177445,11.032780117801329,100,45,90,1210,8300,180.0,1.4115,109.2,54.6,9.8,98.5,98.0,95.05,7.413578947360609,0.09869509230665047
183,synthetic,19.685257153352534,3.8420928725720978,10.929872099378546,41.66593963670359,17.262861190555732,2.8814524619795643,2.7898685702976755,0.9426560151602582,51.39159674465194,1.052822986758139,10.982083282158072,100,45,90,1210,8300,180.0,1.4115,109.2,54.6,9.8,98.5,98.0,95.05,7.4579392684518675,0.09921725128717727
184,synthetic,15.781456609804875,2.6562272407043075,14.99882668457172,41.11425574745391,18.187464850104412,3.3087976237227474,2.530613605092026,1.4223576385460033,51.13577884620594,1.1857436222399935,10.775706918733054,100,45,90,1210,8300,180.0,1.4115,109.2,54.6,9.8,98.5,98.0,95.05,7.493949386875768,0.10183080463401423
185,synthetic,15.438796913857754,2.6710287870018266,14.648160938621121,39.79435426347973,21.632451315313496,2.472076171198045,2.390681375693259,0.952450234834758,53.796302524893164,1.315259673940861,10.589383414573486,100,45,90,1210,8300,180.0,1.4115,109.2,54.6,9.8,98.5,98.0,95.05,7.4346319646766075,0.09395633717169875
186,synthetic,18.268652362884602,3.0085237863598904,13.277296963600007,42.162968255491684,15.658148415181813,3.424777069873795,2.823365913582405,1.3762672330257992,52.80447729510387,1.1973192963283672,11.058950810705376,100,45,90,1210,8300,180.0,1.4115,109.2,54.6,9.8,98.5,98.0,95.05,7.49995004000491,0.10429509796775233
187,synthetic,17.669528163611865,3.6577908112658886,11.894339781739786,40.2324251553919,19.112636447890885,3.4493039380522643,2.5741781255298557,1.4097975765175446,50.98102689216578,0.893146938584773,10.714328252875196,100,45,90,1210,8300,180.0,1.4115,109.2,54.6,9.8,98.5,98.0,95.05,7.467378584472316,0.10222668783896112
188,synthetic,18.968363121282135,2.5880780224752247,12.145494357346283,39.83276840073953,19.888228855080115,3.4800678686723,2.504213920277664,0.5927854541267394,54.748728864907214,1.6626779040797282,10.979853198604758,100,45,90,1210,8300,180.0,1.4115,109.2,54.6,9.8,98.5,98.0,95.05,7.307713414464438,0.09932985459391568
189,synthetic,17.810045873564338,2.6898456881859403,13.757597801396967,40.01837857532523,18.553738982232446,3.0851470525659295,2.956298009566376,1.1289480171627773,49.74549905200719,1.482203292254018,10.614022051027774,100,45,90,1210,8300,180.0,1.4115,109.2,54.6,9.8,98.5,98.0,95.05,7.407467957885058,0.10086067056832826
190,synthetic,18.062196646265907,3.6318554431594468,14.212275007263337,37.62757246957285,21.083376503939018,2.054645293524325,2.611809326477568,0.7162693097975514,50.96637990640121,1.0847842092958537,10.42997410128761,100,45,90,1210,8300,180.0,1.4115,109.2,54.6,9.8,98.5,98.0,95.05,7.384740032006466,0.09377441359821548
191,synthetic,19.301729453908916,3.4725965278050417,12.10111239516219,42.82078157818877,16.31672959684946,2.50853543887974,2.774155463994247,0.7043595452116388,51.699840543457334,1.4984221986851287,11.10246788775682,100,45,90,1210,8300,180.0,1.4115,109.2,54.6,9.8,98.5,98.0,95.05,7.470520396173663,0.09683935048716577
192,synthetic,18.647475439304895,3.9233106357236878,13.782515238636552,39.31175574559855,18.30148133437065,2.7290678743413093,2.479750064914016,0.8246436671103337,51.58472518699485,1.0712900786951443,10.534638832252051,100,45,90,1210,8300,180.0,1.4115,109.2,54.6,9.8,98.5,98.0,95.05,7.421006675360024,0.09855654355948841
193,synthetic,17.6085710709292,3.1467264357116727,12.990839400203873,38.50320731212933,21.28684056350766,3.4925141259857155,2.086617618871209,0.8846834726613414,49.6348580103666,1.4934269085986793,10.726877997502935,100,45,90,1210,8300,180.0,1.4115,109.2,54.6,9.8,98.5,98.0,95.05,7.356686685692642,0.09940860488024954
194,synthetic,15.990588707060454,3.3604610031935636,12.489991453965784,42.982768690720555,19.063068080419914,2.56510291731282,2.909438595884442,0.6385805514424628,54.41920569791978,1.1685606838841043,10.66386457545464,100,45,90,1210,8300,180.0,1.4115,109.2,54.6,9.8,98.5,98.0,95.05,7.428748122344491,0.094170897293338
195,synthetic,17.141963229207327,3.5346427726661305,14.341182201414497,41.797219125954285,17.587001244497305,2.851618398640629,2.0760539395079878,0.6703190881118289,49.63937782687081,1.5783943573684052,10.85147792302189,100,45,90,1210,8300,180.0,1.4115,109.2,54.6,9.8,98.5,98.0,95.05,7.463311161422906,0.0970208874600775
196,synthetic,18.97762763114301,3.233347452206006,12.50330420330635,37.671358723497015,21.923643576499316,2.2251943351238856,2.9137743326205245,0.5517497456038848,49.48114695142298,1.701283040034115,10.727642338768218,100,45,90,1210,8300,180.0,1.4115,109.2,54.6,9.8,98.5,98.0,95.05,7.312855032770995,0.09351970349670137
197,synthetic,17.388243847864853,3.829502235899535,13.326069828020607,39.9376924952707,19.79650233556293,2.3949759233847283,2.4604322704976,0.8665810634990505,51.409597162339374,1.2576915109716125,10.707743423945878,100,45,90,1210,8300,180.0,1.4115,109.2,54.6,9.8,98.5,98.0,95.05,7.452309200837849,0.09515534998649054
198,synthetic,19.36052151001787,3.403179087750141,10.668932127969278,40.526962399207996,19.85701533946301,3.2714997019969596,2.2612892392574846,0.6506005943372639,52.52708342310468,1.6735248555416171,10.87549473966163,100,45,90,1210,8300,180.0,1.4115,109.2,54.6,9.8,98.5,98.0,95.05,7.372734455903667,0.09777961645807338
199,synthetic,15.04308628566876,2.5708755082847277,13.811256741517557,41.20241643569384,21.910304324291857,2.067320483714415,2.822878054987882,0.5718621658409601,54.05714277645979,1.5586878110777531,10.694897125232526,100,45,90,1210,8300,180.0,1.4115,109.2,54.6,9.8,98.5,98.0,95.05,7.3934987614761445,0.09008485896898849
200,synthetic,15.947456385936079,2.685888839130272,12.776278099500281,42.0059326283782,19.175115695521914,3.1884062557556034,2.8283806009825607,1.3925414947950872,53.23282245807092,1.2404638828916137,10.54086475481362,100,45,90,1210,8300,180.0,1.4115,109.2,54.6,9.8,98.5,98.0,95.05,7.485772113526818,0.09985597191877657
201,lab_batch,16.64899793023373,3.7568781866828207,14.681205512645768,38.91564440405876,20.46746428391135,2.2939068100358417,2.2939068100358417,0.9419960623958806,41.854782199999995,1.015,10.23,100,45,90,1210,8300,180.0,1.4115,109.2,54.6,9.8,98.5,98.0,95.05,7.458706759553738,0.09483665202685646
202,lab_batch,16.262837371626286,2.9969700302996967,13.329866701332987,42.82657173428265,17.493825061749384,3.4599654003459963,2.9329706702932965,0.6969930300696993,58.128917875,1.234,11.56,100,45,90,1210,8300,180.0,1.4115,109.2,54.6,9.8,98.5,98.0,95.05,7.378070779292206,0.10016776232237679
203,lab_batch,18.288,3.531,11.694,38.474,20.491,3.1709999999999994,3.04,1.311,61.6053753,0.9109,11.18,100,45,90,1210,8300,180.0,1.4115,109.2,54.6,9.8,98.5,98.0,95.05,7.39234254,0.10113061599999999
204,lab_batch,16.078160781607817,3.726037260372604,13.321133211332114,42.473424734247345,17.78417784177842,3.1040310403104034,2.6240262402624026,0.889008890088901,44.399607874999994,0.8562000000000001,10.27,100,45,90,1210,8300,180.0,1.4115,109.2,54.6,9.8,98.5,98.0,95.05,7.457254172541726,0.0987490814908149
205,lab_batch,17.857142857142858,2.976190476190476,11.904761904761903,44.047619047619044,17.857142857142858,2.380952380952381,2.380952380952381,0.5952380952380952,62.55662034999999,0.3249,11.63,100,45,90,1210,8300,180.0,1.4115,109.2,54.6,9.8,98.5,98.0,95.05,7.494446428571429,0.09299999999999999
206,lab_batch,17.841213202497773,3.568242640499554,13.380909901873327,38.35860838537021,19.625334522747547,3.12221231043711,2.7653880463871543,1.3380909901873328,50.602314,0.2542,10.88,100,45,90,1210,8300,180.0,1.4115,109.2,54.6,9.8,98.5,98.0,95.05,7.424946476360393,0.10163603925066905
207,lab_batch,19.794197941979423,3.924039240392404,14.996149961499617,37.33137331373314,16.334163341633417,3.392033920339203,3.098030980309803,1.1300113001130012,55.240859449999995,0.17600000000000002,11.76,100,45,90,1210,8300,180.0,1.4115,109.2,54.6,9.8,98.5,98.0,95.05,7.35859503595036,0.10670018100181003
208,lab_batch,19.854,2.642,14.792,41.975,15.251000000000001,2.195,2.383,0.9079999999999999,41.2075433,0.7100000000000001,10.54,100,45,90,1210,8300,180.0,1.4115,109.2,54.6,9.8,98.5,98.0,95.05,7.534302159999999,0.09729320600000001
209,lab_batch,19.669,3.763,10.543,42.802,15.432000000000002,3.321,3.023,1.447,64.0570378,0.28900000000000003,10.92,100,45,90,1210,8300,180.0,1.4115,109.2,54.6,9.8,98.5,98.0,95.05,7.527573209999999,0.104001802
210,lab_batch,19.96339926798536,2.5710514210284208,14.774295485909716,37.04674093481869,20.05940118802376,2.037040740814816,2.0830416608332167,1.4650293005860118,58.1730478,2.303,11.69,100,45,90,1210,8300,180.0,1.4115,109.2,54.6,9.8,98.5,98.0,95.05,7.527013560271206,0.0968420108402168
211,lab_batch,19.297807021929778,2.941970580294197,10.151898481015188,41.38258617413826,21.508784912150876,2.031979680203198,2.106978930210698,0.5779942200577993,51.86737184999999,1.38,11.33,100,45,90,1210,8300,180.0,1.4115,109.2,54.6,9.8,98.5,98.0,95.05,7.455615043849562,0.08939887001129988
212,lab_batch,15.017849821501786,2.607973920260797,14.008859911400886,41.73258267417325,21.38778612213878,2.5489745102548973,2.104978950210498,0.5909940900590993,58.37898745,0.649,10.14,100,45,90,1210,8300,180.0,1.4115,109.2,54.6,9.8,98.5,98.0,95.05,7.42770606293937,0.09165945140548595
213,lab_batch,16.736999999999995,2.6399999999999997,10.598999999999998,42.989999999999995,21.302999999999997,2.0629999999999997,2.3039999999999994,1.3639999999999999,40.34455809999999,0.22899999999999998,10.17,100,45,90,1210,8300,180.0,1.4115,109.2,54.6,9.8,98.5,98.0,95.05,7.597457949999999,0.09113800799999998
214,lab_batch,19.15280847191528,2.5509744902550975,11.403885961140388,42.202577974220254,17.680823191768084,3.4769652303476963,2.035979640203598,1.4959850401495984,48.944990149999995,1.336,10.91,100,45,90,1210,8300,180.0,1.4115,109.2,54.6,9.8,98.5,98.0,95.05,7.549245727542725,0.10194744652553472
215,lab_batch,19.809198091980925,3.953039530395304,10.220102201022012,42.55242552425524,18.042180421804222,2.4260242602426025,2.008020080200802,0.9890098900989011,51.141679749999994,1.543,10.97,100,45,90,1210,8300,180.0,1.4115,109.2,54.6,9.8,98.5,98.0,95.05,7.564236912369124,0.09493265132651328
216,lab_batch,16.903,2.592,14.885000000000002,42.988,16.087,2.33,2.744,1.471,40.413204650000004,1.712,11.94,100,45,90,1210,8300,180.0,1.4115,109.2,54.6,9.8,98.5,98.0,95.05,7.6053225200000005,0.098421732
217,lab_batch,15.288000000000002,2.7170000000000005,12.847,41.87200000000001,21.695000000000004,2.0760000000000005,2.9740000000000006,0.5310000000000001,47.062113350000004,1.6070000000000002,11.11,100,45,90,1210,8300,180.0,1.4115,109.2,54.6,9.8,98.5,98.0,95.05,7.391541160000002,0.08987843999999999
218,lab_batch,19.896801031989682,2.5349746502534978,11.00088999110009,39.878601213987864,21.33278667213328,2.7099729002709974,2.024979750202498,0.6209937900620994,58.47705395,2.641,10.84,100,45,90,1210,8300,180.0,1.4115,109.2,54.6,9.8,98.5,98.0,95.05,7.388218107818923,0.0938618693813062
219,lab_batch,16.253837461625384,3.251967480325196,10.447895521044789,42.37857621423785,21.681783182168175,3.3939660603393964,2.080979190208098,0.5109948900510994,43.7180457,0.6709999999999999,10.91,100,45,90,1210,8300,180.0,1.4115,109.2,54.6,9.8,98.5,98.0,95.05,7.374450115498844,0.09447306726932729
220,lab_batch,16.573,3.918,10.336,41.009,21.122,3.408,2.17,1.464,46.70907395,0.792,11.85,100,45,90,1210,8300,180.0,1.4115,109.2,54.6,9.8,98.5,98.0,95.05,7.51057675,0.09913797200000002
221,lab_batch,17.29582704172958,2.701972980270197,14.424855751442486,37.48762512374876,21.895781042189576,3.2239677603223966,2.2789772102278976,0.6909930900690993,59.065452949999994,3.3619999999999997,10.11,100,45,90,1210,8300,180.0,1.4115,109.2,54.6,9.8,98.5,98.0,95.05,7.300936100638992,0.09796767632323676
222,lab_batch,17.353999999999996,3.3519999999999994,12.957999999999997,42.56399999999999,17.0,3.0639999999999996,2.7899999999999996,0.9179999999999999,60.77181005,1.202,10.18,100,45,90,1210,8300,180.0,1.4115,109.2,54.6,9.8,98.5,98.0,95.05,7.454995419999999,0.09955989999999999
223,lab_batch,17.353999999999996,3.3519999999999994,12.957999999999997,40.06399999999999,19.499999999999996,3.0639999999999996,2.7899999999999996,0.9179999999999999,56.72166359999999,1.923,11.56,100,45,90,1210,8300,180.0,1.4115,109.2,54.6,9.8,98.5,98.0,95.05,7.388845419999998,0.0989499
224,lab_batch,17.353999999999996,3.3519999999999994,12.957999999999997,37.564,21.999999999999996,3.0639999999999996,2.7899999999999996,0.9179999999999999,41.7371024,0.8210000000000001,10.13,100,45,90,1210,8300,180.0,1.4115,109.2,54.6,9.8,98.5,98.0,95.05,7.322695419999999,0.0983399
225,lab_batch,19.742,3.642,14.786,38.416,16.041,3.84,2.534,0.9990000000000001,57.86904164999999,0.9079999999999999,10.39,100,45,90,1210,8300,180.0,1.4115,109.2,54.6,9.8,98.5,98.0,95.05,7.36407808,0.10718625600000001
226,lab_batch,15.695999999999998,2.8359999999999994,14.484999999999998,37.251999999999995,21.791999999999998,3.3879999999999995,3.0929999999999995,1.4579999999999997,60.399157349999996,0.39699999999999996,10.97,100,45,90,1210,8300,180.0,1.4115,109.2,54.6,9.8,98.5,98.0,95.05,7.357015579999999,0.10225376199999998
227,lab_batch,15.102000000000002,3.6840000000000006,14.307999999999998,42.924,16.563,3.7859999999999996,2.889,0.744,65.27306239999999,1.505,11.98,100,45,90,1210,8300,180.0,1.4115,109.2,54.6,9.8,98.5,98.0,95.05,7.38515179,0.10261471800000001
228,lab_batch,19.91819918199182,3.6230362303623047,10.060100601006013,37.61237612376125,21.529215292152927,3.1630316303163033,3.199031990319904,0.8950089500895011,50.4650209,3.241,10.16,100,45,90,1210,8300,180.0,1.4115,109.2,54.6,9.8,98.5,98.0,95.05,7.2895892758927605,0.09962168021680219
229,lab_batch,18.200182001820014,2.7190271902719023,13.900139001390013,40.638406384063835,19.71219712197122,2.1140211402114018,2.063020630206302,0.6530065300653006,52.65190385,1.494,10.96,100,45,90,1210,8300,180.0,1.4115,109.2,54.6,9.8,98.5,98.0,95.05,7.46321548215482,0.09232233522335223
230,lab_batch,19.431,2.924,14.468999999999998,42.595,15.375,2.042,2.299,0.865,47.6799323,2.8320000000000003,10.59,100,45,90,1210,8300,180.0,1.4115,109.2,54.6,9.8,98.5,98.0,95.05,7.558609110000001,0.09577113000000001
231,lab_batch,19.941,2.544,11.283,39.699,18.231,3.8960000000000004,3.3419999999999996,1.064,44.237798149999996,3.1350000000000002,11.21,100,45,90,1210,8300,180.0,1.4115,109.2,54.6,9.8,98.5,98.0,95.05,7.305843219999999,0.10537953600000001
232,lab_holdout,17.224172241722417,3.0550305503055033,13.049130491304913,38.569385693856944,20.01220012200122,4.0080400804008045,3.3770337703377034,0.7050070500705007,60.737486775,0.9615,11.32,100,45,90,1210,8300,180.0,1.4115,109.2,54.6,9.8,98.5,98.0,95.05,7.210732767327674,0.10391111111111113
233,lab_holdout,18.631000000000007,3.2090000000000005,12.299000000000003,40.477000000000004,18.641000000000005,2.9690000000000007,2.906000000000001,0.8680000000000002,46.380551174999994,1.2229999999999999,10.8,100,45,90,1210,8300,180.0,1.4115,109.2,54.6,9.8,98.5,98.0,95.05,7.390748280000002,0.09904243600000003
234,lab_holdout,15.700157001570018,2.5040250402504025,10.117101171011711,42.97942979429795,21.978219782197826,3.264032640326403,2.3960239602396025,1.0610106101061012,49.14112315,1.202,11.3,100,45,90,1210,8300,180.0,1.4115,109.2,54.6,9.8,98.5,98.0,95.05,7.450563185631857,0.09515174951749518
235,lab_holdout,17.613,3.607999999999999,10.005999999999998,42.98199999999999,19.070999999999998,2.7679999999999993,2.8019999999999996,1.15,61.938801399999996,0.985,11.28,100,45,90,1210,8300,180.0,1.4115,109.2,54.6,9.8,98.5,98.0,95.05,7.50768949,0.09652609599999999
236,lab_holdout,15.207847921520786,2.660973390266098,14.731852681473187,40.437595624043766,20.046799532004684,3.2339676603233967,2.206977930220698,1.4739852601473986,52.416544249999994,1.3599999999999999,11.82,100,45,90,1210,8300,180.0,1.4115,109.2,54.6,9.8,98.5,98.0,95.05,7.503699733002671,0.09992681273187269
237,lab_holdout,19.488999999999997,3.0299999999999994,12.244999999999997,38.382999999999996,21.000999999999998,2.0299999999999994,2.3459999999999996,1.4759999999999998,52.034084899999996,4.12,11.96,100,45,90,1210,8300,180.0,1.4115,109.2,54.6,9.8,98.5,98.0,95.05,7.534881359999999,0.09517933599999999
238,lab_holdout,19.543609127817444,3.8169236615267694,10.811783764324712,37.298254034919296,21.978560428791422,3.4529309413811724,2.086958260834783,1.0109797804043916,50.131594799999995,0.613,11.22,100,45,90,1210,8300,180.0,1.4115,109.2,54.6,9.8,98.5,98.0,95.05,7.359810693786124,0.09983291734165316
239,lab_holdout,16.662,2.652,10.32,42.938,21.901,2.354,2.298,0.8750000000000001,38.952013799999996,2.1069999999999998,11.02,100,45,90,1210,8300,180.0,1.4115,109.2,54.6,9.8,98.5,98.0,95.05,7.492078420000001,0.090416576
240,lab_holdout,19.937999999999995,3.8149999999999995,10.422999999999998,42.821999999999996,16.143,2.7179999999999995,2.7379999999999995,1.4029999999999998,48.88615025,1.9900000000000002,10.01,100,45,90,1210,8300,180.0,1.4115,109.2,54.6,9.8,98.5,98.0,95.05,7.578060859999999,0.10005520799999998
241,lab_holdout,15.148999999999996,3.8729999999999993,12.353999999999997,40.346999999999994,20.325999999999997,3.964999999999999,3.0149999999999997,0.9709999999999999,52.7401637,0.9820000000000001,10.58,100,45,90,1210,8300,180.0,1.4115,109.2,54.6,9.8,98.5,98.0,95.05,7.325867099999998,0.10244746599999997
